overlap_key,title,date,distance_miles,recommendation,action,reason,preferred_row_if_forced_to_pick_one,alternate_row,row_a_lat,row_a_lng,row_a_display_location,row_a_borough,row_a_geocoder_source,row_a_geocoder_confidence,row_a_source_event_id,row_b_lat,row_b_lng,row_b_display_location,row_b_borough,row_b_geocoder_source,row_b_geocoder_confidence,row_b_source_event_id
7 17 restoration fridays at highland park|2026-07-17,7/17 Restoration Fridays at Highland Park,2026-07-17,0.223,merge_dedupe_keep_better_geocode,drop_one_row,Same venue wording with nearby coordinates; keep the stronger geocode and drop the duplicate row.,"40.6851386,-73.885806","40.6877236,-73.8883538",40.6851386,-73.885806,Vermont Place Parking Lot (in Highland Park),Bk,nyc_parks_bigapps_events_snapshot,medium,2165686,40.6877236,-73.8883538,Vermont Place Parking Lot in Highland Park,Qn,nyc_parks_bigapps_events_snapshot,medium,1052076
7 25 vernal pond restoration at highland park|2026-07-25,7/25 Vernal Pond Restoration at Highland Park,2026-07-25,0.223,merge_dedupe_keep_better_geocode,drop_one_row,Same venue wording with nearby coordinates; keep the stronger geocode and drop the duplicate row.,"40.6851386,-73.885806","40.6877236,-73.8883538",40.6851386,-73.885806,Vermont Place Parking Lot (in Highland Park),Bk,nyc_parks_bigapps_events_snapshot,medium,2165684,40.6877236,-73.8883538,Vermont Place Parking Lot in Highland Park,Qn,nyc_parks_bigapps_events_snapshot,medium,1052136
basketball clinic at highbridge recreation center ages 5 to 7|2026-07-18,Basketball Clinic at Highbridge Recreation Center (Ages: 5 to 7),2026-07-18,0.396,merge_dedupe_keep_better_geocode,drop_one_row,Same venue wording with nearby coordinates; keep the stronger geocode and drop the duplicate row.,"40.8420776,-73.9267904","40.8404297,-73.9340531",40.8420776,-73.9267904,Gymnasium (in Highbridge Park),Bx,nyc_parks_bigapps_events_snapshot,medium,2199959,40.8404297,-73.9340531,Gymnasium in Highbridge Recreation Center,Mn,nyc_parks_bigapps_events_snapshot,medium,1054016
basketball clinic at highbridge recreation center ages 5 to 7|2026-07-25,Basketball Clinic at Highbridge Recreation Center (Ages: 5 to 7),2026-07-25,0.396,merge_dedupe_keep_better_geocode,drop_one_row,Same venue wording with nearby coordinates; keep the stronger geocode and drop the duplicate row.,"40.8420776,-73.9267904","40.8404297,-73.9340531",40.8420776,-73.9267904,Gymnasium (in Highbridge Park),Bx,nyc_parks_bigapps_events_snapshot,medium,2200101,40.8404297,-73.9340531,Gymnasium in Highbridge Recreation Center,Mn,nyc_parks_bigapps_events_snapshot,medium,1054056
basketball clinic at highbridge recreation center ages 8 to 12|2026-07-18,Basketball Clinic at Highbridge Recreation Center (Ages: 8 to 12),2026-07-18,0.396,merge_dedupe_keep_better_geocode,drop_one_row,Same venue wording with nearby coordinates; keep the stronger geocode and drop the duplicate row.,"40.8404297,-73.9340531","40.8420776,-73.9267904",40.8404297,-73.9340531,Gymnasium in Highbridge Recreation Center,Mn,nyc_parks_bigapps_events_snapshot,medium,1054036,40.8420776,-73.9267904,Gymnasium (in Highbridge Park),Bx,nyc_parks_bigapps_events_snapshot,medium,2200212
basketball clinic at highbridge recreation center ages 8 to 12|2026-07-25,Basketball Clinic at Highbridge Recreation Center (Ages: 8 to 12),2026-07-25,0.396,merge_dedupe_keep_better_geocode,drop_one_row,Same venue wording with nearby coordinates; keep the stronger geocode and drop the duplicate row.,"40.8404297,-73.9340531","40.8420776,-73.9267904",40.8404297,-73.9340531,Gymnasium in Highbridge Recreation Center,Mn,nyc_parks_bigapps_events_snapshot,medium,1054076,40.8420776,-73.9267904,Gymnasium (in Highbridge Park),Bx,nyc_parks_bigapps_events_snapshot,medium,2200258
bootcamp|2026-07-16,Bootcamp,2026-07-16,2.226,dedupe_drop_bad_geocode,drop_one_row,Same venue text but far-apart coordinates; keep the better geocode and drop the outlier row.,"40.591982601343,-74.139472484589","40.5960754,-74.1815538",40.5960754,-74.1815538,Greenbelt Recreation Center in Greenbelt Recreation Center,SI,nyc_parks_bigapps_events_snapshot,medium,1055516,40.591982601343,-74.139472484589,Greenbelt Recreation Center (in Blood Root Valley),SI,nyc_parks_bigapps_events_snapshot,high,2204156
bootcamp|2026-07-23,Bootcamp,2026-07-23,2.226,dedupe_drop_bad_geocode,drop_one_row,Same venue text but far-apart coordinates; keep the better geocode and drop the outlier row.,"40.591982601343,-74.139472484589","40.5960754,-74.1815538",40.5960754,-74.1815538,Greenbelt Recreation Center in Greenbelt Recreation Center,SI,nyc_parks_bigapps_events_snapshot,medium,1055536,40.591982601343,-74.139472484589,Greenbelt Recreation Center (in Blood Root Valley),SI,nyc_parks_bigapps_events_snapshot,high,2204172
cardio circuit blast|2026-07-17,Cardio Circuit Blast,2026-07-17,0.396,merge_dedupe_keep_better_geocode,drop_one_row,Same venue wording with nearby coordinates; keep the stronger geocode and drop the duplicate row.,"40.8404297,-73.9340531","40.8420776,-73.9267904",40.8404297,-73.9340531,Dance Room in Highbridge Recreation Center,Mn,nyc_parks_bigapps_events_snapshot,medium,1056636,40.8420776,-73.9267904,Dance Room (in Highbridge Park),Bx,nyc_parks_bigapps_events_snapshot,medium,2151675
cardio circuit blast|2026-07-24,Cardio Circuit Blast,2026-07-24,0.396,merge_dedupe_keep_better_geocode,drop_one_row,Same venue wording with nearby coordinates; keep the stronger geocode and drop the duplicate row.,"40.8404297,-73.9340531","40.8420776,-73.9267904",40.8404297,-73.9340531,Dance Room in Highbridge Recreation Center,Mn,nyc_parks_bigapps_events_snapshot,medium,1056696,40.8420776,-73.9267904,Dance Room (in Highbridge Park),Bx,nyc_parks_bigapps_events_snapshot,medium,2151666
cardio dance|2026-07-21,Cardio Dance,2026-07-21,0.18,merge_dedupe_keep_better_geocode,drop_one_row,Same venue wording with nearby coordinates; keep the stronger geocode and drop the duplicate row.,"40.82419968,-73.94249725","40.8265826,-73.9411255",40.8265826,-73.9411255,Dance Room in Jackie Robinson Recreation Center,Mn,nyc_parks_bigapps_events_snapshot,medium,1056816,40.82419968,-73.94249725,Dance Room (in Jackie Robinson Park),Mn,nyc_parks_bigapps_events_snapshot,high,2195027
celebrate shorebirds|2026-07-25,Celebrate Shorebirds,2026-07-25,1.951,dedupe_drop_bad_geocode,drop_one_row,Same venue text but far-apart coordinates; keep the better geocode and drop the outlier row.,"40.588275354362,-73.789541244507","40.5929881,-73.7528803",40.5929881,-73.7528803,Boardwalk at Beach 60th Street (in Rockaway Beach and Boardwalk),Qn,nyc_parks_bigapps_events_snapshot,medium,2195680,40.588275354362,-73.789541244507,Rockaway Beach and Boardwalk - Boardwalk at Beach 60th Street,Qn,nyc_parks_bigapps_events_snapshot,high,1116556
chair yoga|2026-07-18,Chair Yoga,2026-07-18,0.999,merge_dedupe_keep_better_geocode,drop_one_row,Same venue wording with nearby coordinates; keep the stronger geocode and drop the duplicate row.,"40.61333466,-74.02997589","40.6266621,-74.0373854",40.61333466,-74.02997589,Ballroom (in John J Carty Park),Bk,nyc_parks_bigapps_events_snapshot,high,2156384,40.6266621,-74.0373854,Ballroom in Fort Hamilton Senior Recreation Center,Bk,nyc_parks_bigapps_events_snapshot,medium,1057796
chair yoga|2026-07-25,Chair Yoga,2026-07-25,0.999,merge_dedupe_keep_better_geocode,drop_one_row,Same venue wording with nearby coordinates; keep the stronger geocode and drop the duplicate row.,"40.61333466,-74.02997589","40.6266621,-74.0373854",40.61333466,-74.02997589,Ballroom (in John J Carty Park),Bk,nyc_parks_bigapps_events_snapshot,high,2156610,40.6266621,-74.0373854,Ballroom in Fort Hamilton Senior Recreation Center,Bk,nyc_parks_bigapps_events_snapshot,medium,1057856
dance fitness|2026-07-16,Dance Fitness,2026-07-16,0.02,dedupe_keep_higher_confidence,drop_one_row,Coordinates are within about 80 meters; treat as one venue with geocode jitter.,"40.637883828414,-73.946818290168","40.63811,-73.94706",40.63811,-73.94706,Dance Room in Shirley Chisholm Recreation Center,Bk,nyc_geosearch_planninglabs,medium,1059356,40.637883828414,-73.946818290168,Dance Room (in Nostrand Playground),Bk,nyc_parks_bigapps_events_snapshot,high,2169570
dance fitness|2026-07-23,Dance Fitness,2026-07-23,0.02,dedupe_keep_higher_confidence,drop_one_row,Coordinates are within about 80 meters; treat as one venue with geocode jitter.,"40.637883828414,-73.946818290168","40.63811,-73.94706",40.63811,-73.94706,Dance Room in Shirley Chisholm Recreation Center,Bk,nyc_geosearch_planninglabs,medium,1059396,40.637883828414,-73.946818290168,Dance Room (in Nostrand Playground),Bk,nyc_parks_bigapps_events_snapshot,high,2169563
historic new york the highbridge water tower|2026-07-26,Historic New York: The Highbridge Water Tower,2026-07-26,0.396,merge_dedupe_keep_better_geocode,drop_one_row,Same venue wording with nearby coordinates; keep the stronger geocode and drop the duplicate row.,"40.8404297,-73.9340531","40.8420776,-73.9267904",40.8404297,-73.9340531,West 174 Street and Amsterdam Avenue in Highbridge Park,Mn,nyc_parks_bigapps_events_snapshot,medium,1049916,40.8420776,-73.9267904,West 174 Street and Amsterdam Avenue (in Highbridge Park),Bx,nyc_parks_bigapps_events_snapshot,medium,2179071
hula hoop aerobics|2026-07-18,Hula Hoop Aerobics,2026-07-18,6.074,dedupe_drop_bad_geocode,drop_one_row,Same venue text but far-apart coordinates; keep the better geocode and drop the outlier row.,"40.80502319,-73.94498444","40.8415725,-73.8393374",40.80502319,-73.94498444,Multi-Use Room B (in Marcus Garvey Park),Mn,nyc_parks_bigapps_events_snapshot,high,2208827,40.8415725,-73.8393374,Multi-Use Room B in Pelham Fritz Recreation Center,Mn,nyc_parks_bigapps_events_snapshot,medium,1050436
hula hoop aerobics|2026-07-25,Hula Hoop Aerobics,2026-07-25,6.074,dedupe_drop_bad_geocode,drop_one_row,Same venue text but far-apart coordinates; keep the better geocode and drop the outlier row.,"40.80502319,-73.94498444","40.8415725,-73.8393374",40.80502319,-73.94498444,Multi-Use Room B (in Marcus Garvey Park),Mn,nyc_parks_bigapps_events_snapshot,high,2208664,40.8415725,-73.8393374,Multi-Use Room B in Pelham Fritz Recreation Center,Mn,nyc_parks_bigapps_events_snapshot,medium,1050456
invasive species removal|2026-07-18,Invasive Species Removal,2026-07-18,0.481,manual_review,human_decision_required,Venue text and distance are ambiguous; human should confirm merge vs split before promotion.,"40.86869812011719,-73.93260192871094","40.8721112,-73.9245878",40.8721112,-73.9245878,Inwood Canoe Club (in Inwood Hill Park),Mn,nyc_parks_bigapps_events_snapshot,medium,2184048,40.86869812011719,-73.93260192871094,"Inwood, west end of Dyckman Street, then south through the gate and past the sailing club. in Inwood Hill Park",Mn,nyc_parks_bigapps_events_snapshot,high,1050736
inwood canoe club sunday open house|2026-07-19,Inwood Canoe Club Sunday Open House,2026-07-19,0.481,manual_review,human_decision_required,Venue text and distance are ambiguous; human should confirm merge vs split before promotion.,"40.86869812011719,-73.93260192871094","40.8721112,-73.9245878",40.86869812011719,-73.93260192871094,"Inwood, west end of Dyckman Street, then south through the gate and past the sailing club. in Inwood Hill Park",Mn,nyc_parks_bigapps_events_snapshot,high,1050856,40.8721112,-73.9245878,Inwood Canoe Club (in Inwood Hill Park),Mn,nyc_parks_bigapps_events_snapshot,medium,2190856
july book swap and upcycle paper craft|2026-07-24,July Book Swap and Upcycle Paper Craft,2026-07-24,0.387,merge_dedupe_keep_better_geocode,drop_one_row,Same venue wording with nearby coordinates; keep the stronger geocode and drop the duplicate row.,"40.588401794434,-74.139099121094","40.5883967,-74.1317297",40.588401794434,-74.139099121094,Greenbelt Nature Center - 700 Rockland Avenue at Brielle Avenue,SI,nyc_parks_bigapps_events_snapshot,high,1116476,40.5883967,-74.1317297,Greenbelt Nature Center (in Blood Root Valley),SI,nyc_parks_bigapps_events_snapshot,medium,2190733
kids in motion lower highland playground|2026-07-16,Kids In Motion: Lower Highland Playground,2026-07-16,0.295,merge_dedupe_keep_better_geocode,drop_one_row,Same venue wording with nearby coordinates; keep the stronger geocode and drop the duplicate row.,"40.683998107910156,-73.8855972290039","40.6877236,-73.8883538",40.683998107910156,-73.8855972290039,Lower Highland Playground (in Highland Park),Bk,nyc_parks_bigapps_events_snapshot,high,2183527,40.6877236,-73.8883538,Lower Highland Playground in Highland Park,Qn,nyc_parks_bigapps_events_snapshot,medium,1074036
kids in motion lower highland playground|2026-07-17,Kids In Motion: Lower Highland Playground,2026-07-17,0.295,merge_dedupe_keep_better_geocode,drop_one_row,Same venue wording with nearby coordinates; keep the stronger geocode and drop the duplicate row.,"40.683998107910156,-73.8855972290039","40.6877236,-73.8883538",40.683998107910156,-73.8855972290039,Lower Highland Playground (in Highland Park),Bk,nyc_parks_bigapps_events_snapshot,high,2183634,40.6877236,-73.8883538,Lower Highland Playground in Highland Park,Qn,nyc_parks_bigapps_events_snapshot,medium,1074056
kids in motion lower highland playground|2026-07-18,Kids In Motion: Lower Highland Playground,2026-07-18,0.295,merge_dedupe_keep_better_geocode,drop_one_row,Same venue wording with nearby coordinates; keep the stronger geocode and drop the duplicate row.,"40.683998107910156,-73.8855972290039","40.6877236,-73.8883538",40.683998107910156,-73.8855972290039,Lower Highland Playground (in Highland Park),Bk,nyc_parks_bigapps_events_snapshot,high,2183453,40.6877236,-73.8883538,Lower Highland Playground in Highland Park,Qn,nyc_parks_bigapps_events_snapshot,medium,1074076
kids in motion lower highland playground|2026-07-21,Kids In Motion: Lower Highland Playground,2026-07-21,0.295,merge_dedupe_keep_better_geocode,drop_one_row,Same venue wording with nearby coordinates; keep the stronger geocode and drop the duplicate row.,"40.683998107910156,-73.8855972290039","40.6877236,-73.8883538",40.683998107910156,-73.8855972290039,Lower Highland Playground (in Highland Park),Bk,nyc_parks_bigapps_events_snapshot,high,2183484,40.6877236,-73.8883538,Lower Highland Playground in Highland Park,Qn,nyc_parks_bigapps_events_snapshot,medium,1073696
kids in motion lower highland playground|2026-07-22,Kids In Motion: Lower Highland Playground,2026-07-22,0.295,merge_dedupe_keep_better_geocode,drop_one_row,Same venue wording with nearby coordinates; keep the stronger geocode and drop the duplicate row.,"40.683998107910156,-73.8855972290039","40.6877236,-73.8883538",40.683998107910156,-73.8855972290039,Lower Highland Playground (in Highland Park),Bk,nyc_parks_bigapps_events_snapshot,high,2183461,40.6877236,-73.8883538,Lower Highland Playground in Highland Park,Qn,nyc_parks_bigapps_events_snapshot,medium,1073716
kids in motion lower highland playground|2026-07-23,Kids In Motion: Lower Highland Playground,2026-07-23,0.295,merge_dedupe_keep_better_geocode,drop_one_row,Same venue wording with nearby coordinates; keep the stronger geocode and drop the duplicate row.,"40.683998107910156,-73.8855972290039","40.6877236,-73.8883538",40.683998107910156,-73.8855972290039,Lower Highland Playground (in Highland Park),Bk,nyc_parks_bigapps_events_snapshot,high,2183532,40.6877236,-73.8883538,Lower Highland Playground in Highland Park,Qn,nyc_parks_bigapps_events_snapshot,medium,1073736
kids in motion lower highland playground|2026-07-24,Kids In Motion: Lower Highland Playground,2026-07-24,0.295,merge_dedupe_keep_better_geocode,drop_one_row,Same venue wording with nearby coordinates; keep the stronger geocode and drop the duplicate row.,"40.683998107910156,-73.8855972290039","40.6877236,-73.8883538",40.683998107910156,-73.8855972290039,Lower Highland Playground (in Highland Park),Bk,nyc_parks_bigapps_events_snapshot,high,2183602,40.6877236,-73.8883538,Lower Highland Playground in Highland Park,Qn,nyc_parks_bigapps_events_snapshot,medium,1073756
kids in motion lower highland playground|2026-07-25,Kids In Motion: Lower Highland Playground,2026-07-25,0.295,merge_dedupe_keep_better_geocode,drop_one_row,Same venue wording with nearby coordinates; keep the stronger geocode and drop the duplicate row.,"40.683998107910156,-73.8855972290039","40.6877236,-73.8883538",40.683998107910156,-73.8855972290039,Lower Highland Playground (in Highland Park),Bk,nyc_parks_bigapps_events_snapshot,high,2183694,40.6877236,-73.8883538,Lower Highland Playground in Highland Park,Qn,nyc_parks_bigapps_events_snapshot,medium,1073776
kids in motion st mary s park west|2026-07-16,Kids in Motion: St. Mary's Park West,2026-07-16,10.385,dedupe_drop_bad_geocode,drop_one_row,Same venue text but far-apart coordinates; keep the better geocode and drop the outlier row.,"40.6757851,-73.9975397","40.8114701,-73.9122192",40.6757851,-73.9975397,Playground West - Play Area (in St. Mary's Park),Bk,nyc_parks_bigapps_events_snapshot,medium,2180242,40.8114701,-73.9122192,Playground West - Play Area in St. Mary's Park,Bx,nyc_parks_bigapps_events_snapshot,medium,1080056
kids in motion st mary s park west|2026-07-17,Kids in Motion: St. Mary's Park West,2026-07-17,10.385,dedupe_drop_bad_geocode,drop_one_row,Same venue text but far-apart coordinates; keep the better geocode and drop the outlier row.,"40.6757851,-73.9975397","40.8114701,-73.9122192",40.6757851,-73.9975397,Playground West - Play Area (in St. Mary's Park),Bk,nyc_parks_bigapps_events_snapshot,medium,2180785,40.8114701,-73.9122192,Playground West - Play Area in St. Mary's Park,Bx,nyc_parks_bigapps_events_snapshot,medium,1080076
kids in motion st mary s park west|2026-07-18,Kids in Motion: St. Mary's Park West,2026-07-18,10.385,dedupe_drop_bad_geocode,drop_one_row,Same venue text but far-apart coordinates; keep the better geocode and drop the outlier row.,"40.6757851,-73.9975397","40.8114701,-73.9122192",40.6757851,-73.9975397,Playground West - Play Area (in St. Mary's Park),Bk,nyc_parks_bigapps_events_snapshot,medium,2180802,40.8114701,-73.9122192,Playground West - Play Area in St. Mary's Park,Bx,nyc_parks_bigapps_events_snapshot,medium,1080096
kids in motion st mary s park west|2026-07-21,Kids in Motion: St. Mary's Park West,2026-07-21,10.385,dedupe_drop_bad_geocode,drop_one_row,Same venue text but far-apart coordinates; keep the better geocode and drop the outlier row.,"40.6757851,-73.9975397","40.8114701,-73.9122192",40.6757851,-73.9975397,Playground West - Play Area (in St. Mary's Park),Bk,nyc_parks_bigapps_events_snapshot,medium,2180682,40.8114701,-73.9122192,Playground West - Play Area in St. Mary's Park,Bx,nyc_parks_bigapps_events_snapshot,medium,1079716
kids in motion st mary s park west|2026-07-22,Kids in Motion: St. Mary's Park West,2026-07-22,10.385,dedupe_drop_bad_geocode,drop_one_row,Same venue text but far-apart coordinates; keep the better geocode and drop the outlier row.,"40.6757851,-73.9975397","40.8114701,-73.9122192",40.6757851,-73.9975397,Playground West - Play Area (in St. Mary's Park),Bk,nyc_parks_bigapps_events_snapshot,medium,2180702,40.8114701,-73.9122192,Playground West - Play Area in St. Mary's Park,Bx,nyc_parks_bigapps_events_snapshot,medium,1079736
kids in motion st mary s park west|2026-07-23,Kids in Motion: St. Mary's Park West,2026-07-23,10.385,dedupe_drop_bad_geocode,drop_one_row,Same venue text but far-apart coordinates; keep the better geocode and drop the outlier row.,"40.6757851,-73.9975397","40.8114701,-73.9122192",40.6757851,-73.9975397,Playground West - Play Area (in St. Mary's Park),Bk,nyc_parks_bigapps_events_snapshot,medium,2180515,40.8114701,-73.9122192,Playground West - Play Area in St. Mary's Park,Bx,nyc_parks_bigapps_events_snapshot,medium,1079756
kids in motion st mary s park west|2026-07-24,Kids in Motion: St. Mary's Park West,2026-07-24,10.385,dedupe_drop_bad_geocode,drop_one_row,Same venue text but far-apart coordinates; keep the better geocode and drop the outlier row.,"40.6757851,-73.9975397","40.8114701,-73.9122192",40.6757851,-73.9975397,Playground West - Play Area (in St. Mary's Park),Bk,nyc_parks_bigapps_events_snapshot,medium,2180876,40.8114701,-73.9122192,Playground West - Play Area in St. Mary's Park,Bx,nyc_parks_bigapps_events_snapshot,medium,1079776
kids in motion st mary s park west|2026-07-25,Kids in Motion: St. Mary's Park West,2026-07-25,10.385,dedupe_drop_bad_geocode,drop_one_row,Same venue text but far-apart coordinates; keep the better geocode and drop the outlier row.,"40.6757851,-73.9975397","40.8114701,-73.9122192",40.6757851,-73.9975397,Playground West - Play Area (in St. Mary's Park),Bk,nyc_parks_bigapps_events_snapshot,medium,2180498,40.8114701,-73.9122192,Playground West - Play Area in St. Mary's Park,Bx,nyc_parks_bigapps_events_snapshot,medium,1079796
kids in motion st mary s playground west color me tote bag|2026-07-22,"Kids in Motion: St. Mary's Playground West (Color Me, Tote Bag)",2026-07-22,10.385,dedupe_drop_bad_geocode,drop_one_row,Same venue text but far-apart coordinates; keep the better geocode and drop the outlier row.,"40.8114701,-73.9122192","40.6757851,-73.9975397",40.8114701,-73.9122192,Playground West - Play Area in St. Mary's Park,Bx,nyc_parks_bigapps_events_snapshot,medium,1080156,40.6757851,-73.9975397,Playground West - Play Area (in St. Mary's Park),Bk,nyc_parks_bigapps_events_snapshot,medium,2180758
movies under the stars a minecraft movie|2026-07-25,Movies Under the Stars: A MineCraft Movie,2026-07-25,0.396,merge_dedupe_keep_better_geocode,drop_one_row,Same venue wording with nearby coordinates; keep the stronger geocode and drop the duplicate row.,"40.8404297,-73.9340531","40.8420776,-73.9267904",40.8404297,-73.9340531,Raoul Wallenberg Playground in Highbridge Park,Mn,nyc_parks_bigapps_events_snapshot,medium,1088456,40.8420776,-73.9267904,Raoul Wallenberg Playground (in Highbridge Park),Bx,nyc_parks_bigapps_events_snapshot,medium,2200368
nature trivia disc golfering your park|2026-07-19,Nature Trivia: Disc-golfering Your Park,2026-07-19,0.223,merge_dedupe_keep_better_geocode,drop_one_row,Same venue wording with nearby coordinates; keep the stronger geocode and drop the duplicate row.,"40.6877236,-73.8883538","40.6851386,-73.885806",40.6877236,-73.8883538,Vermont Place Parking Lot in Highland Park,Qn,nyc_parks_bigapps_events_snapshot,medium,1089796,40.6851386,-73.885806,Vermont Place Parking Lot (in Highland Park),Bk,nyc_parks_bigapps_events_snapshot,medium,2176410
nyrr open run highland park|2026-07-18,NYRR Open Run: Highland Park,2026-07-18,0.223,merge_dedupe_keep_better_geocode,drop_one_row,Same venue wording with nearby coordinates; keep the stronger geocode and drop the duplicate row.,"40.6877236,-73.8883538","40.6851386,-73.885806",40.6877236,-73.8883538,Elton Street and Jamaica Avenue in Highland Park,Qn,nyc_parks_bigapps_events_snapshot,medium,1090776,40.6851386,-73.885806,Elton Street and Jamaica Avenue (in Highland Park),Bk,nyc_parks_bigapps_events_snapshot,medium,2097674
nyrr open run highland park|2026-07-25,NYRR Open Run: Highland Park,2026-07-25,0.223,merge_dedupe_keep_better_geocode,drop_one_row,Same venue wording with nearby coordinates; keep the stronger geocode and drop the duplicate row.,"40.6877236,-73.8883538","40.6851386,-73.885806",40.6877236,-73.8883538,Elton Street and Jamaica Avenue in Highland Park,Qn,nyc_parks_bigapps_events_snapshot,medium,1090796,40.6851386,-73.885806,Elton Street and Jamaica Avenue (in Highland Park),Bk,nyc_parks_bigapps_events_snapshot,medium,2097675
rise restore circuit training|2026-07-18,Rise&Restore Circuit Training,2026-07-18,0.396,merge_dedupe_keep_better_geocode,drop_one_row,Same venue wording with nearby coordinates; keep the stronger geocode and drop the duplicate row.,"40.8420776,-73.9267904","40.8404297,-73.9340531",40.8420776,-73.9267904,Dance Room (in Highbridge Park),Bx,nyc_parks_bigapps_events_snapshot,medium,2188383,40.8404297,-73.9340531,Dance Room in Highbridge Recreation Center,Mn,nyc_parks_bigapps_events_snapshot,medium,1094516
rise restore circuit training|2026-07-25,Rise&Restore Circuit Training,2026-07-25,0.396,merge_dedupe_keep_better_geocode,drop_one_row,Same venue wording with nearby coordinates; keep the stronger geocode and drop the duplicate row.,"40.8420776,-73.9267904","40.8404297,-73.9340531",40.8420776,-73.9267904,Dance Room (in Highbridge Park),Bx,nyc_parks_bigapps_events_snapshot,medium,2188150,40.8404297,-73.9340531,Dance Room in Highbridge Recreation Center,Mn,nyc_parks_bigapps_events_snapshot,medium,1094536
soundview park microplastics workshop with new york sea grant|2026-07-18,Soundview Park Microplastics Workshop with New York Sea Grant,2026-07-18,0.361,merge_dedupe_keep_better_geocode,drop_one_row,Same venue wording with nearby coordinates; keep the stronger geocode and drop the duplicate row.,"40.8116968,-73.8664951","40.8094,-73.8603",40.8116968,-73.8664951,"Leland Avenue and O'Brien Avenue (in Soundview Park),Leland Avenue and O'Brien Avenue (in Soundview Park)",Bx,nyc_parks_facility_reference,medium,2195678,40.8094,-73.8603,Leland Avenue and O'Brien Avenue in Soundview Park,Bx,nyc_parks_facility_reference,medium,1104816
summer sport experience pickleball|2026-07-18,Summer Sport Experience: Pickleball,2026-07-18,2.226,dedupe_drop_bad_geocode,drop_one_row,Same venue text but far-apart coordinates; keep the better geocode and drop the outlier row.,"40.591982601343,-74.139472484589","40.5960754,-74.1815538",40.5960754,-74.1815538,Greenbelt Recreation Center in Greenbelt Recreation Center,SI,nyc_parks_bigapps_events_snapshot,medium,1108276,40.591982601343,-74.139472484589,Greenbelt Recreation Center (in Blood Root Valley),SI,nyc_parks_bigapps_events_snapshot,high,2181462
summer sport experience pickleball|2026-07-19,Summer Sport Experience: Pickleball,2026-07-19,2.226,dedupe_drop_bad_geocode,drop_one_row,Same venue text but far-apart coordinates; keep the better geocode and drop the outlier row.,"40.591982601343,-74.139472484589","40.5960754,-74.1815538",40.5960754,-74.1815538,Greenbelt Recreation Center in Greenbelt Recreation Center,SI,nyc_parks_bigapps_events_snapshot,medium,1108296,40.591982601343,-74.139472484589,Greenbelt Recreation Center (in Blood Root Valley),SI,nyc_parks_bigapps_events_snapshot,high,2181604
summer sport experience pickleball|2026-07-25,Summer Sport Experience: Pickleball,2026-07-25,2.226,dedupe_drop_bad_geocode,drop_one_row,Same venue text but far-apart coordinates; keep the better geocode and drop the outlier row.,"40.591982601343,-74.139472484589","40.5960754,-74.1815538",40.5960754,-74.1815538,Greenbelt Recreation Center in Greenbelt Recreation Center,SI,nyc_parks_bigapps_events_snapshot,medium,1108316,40.591982601343,-74.139472484589,Greenbelt Recreation Center (in Blood Root Valley),SI,nyc_parks_bigapps_events_snapshot,high,2181656
summer sport experience pickleball|2026-07-26,Summer Sport Experience: Pickleball,2026-07-26,2.226,dedupe_drop_bad_geocode,drop_one_row,Same venue text but far-apart coordinates; keep the better geocode and drop the outlier row.,"40.591982601343,-74.139472484589","40.5960754,-74.1815538",40.5960754,-74.1815538,Greenbelt Recreation Center in Greenbelt Recreation Center,SI,nyc_parks_bigapps_events_snapshot,medium,1108336,40.591982601343,-74.139472484589,Greenbelt Recreation Center (in Blood Root Valley),SI,nyc_parks_bigapps_events_snapshot,high,2181640
summer sports experience basketball|2026-07-18,Summer Sports Experience: Basketball,2026-07-18,2.226,dedupe_drop_bad_geocode,drop_one_row,Same venue text but far-apart coordinates; keep the better geocode and drop the outlier row.,"40.591982601343,-74.139472484589","40.5960754,-74.1815538",40.5960754,-74.1815538,Greenbelt Recreation Center in Greenbelt Recreation Center,SI,nyc_parks_bigapps_events_snapshot,medium,1108656,40.591982601343,-74.139472484589,Greenbelt Recreation Center (in Blood Root Valley),SI,nyc_parks_bigapps_events_snapshot,high,2181321
summer sports experience basketball|2026-07-19,Summer Sports Experience: Basketball,2026-07-19,2.226,dedupe_drop_bad_geocode,drop_one_row,Same venue text but far-apart coordinates; keep the better geocode and drop the outlier row.,"40.591982601343,-74.139472484589","40.5960754,-74.1815538",40.5960754,-74.1815538,Greenbelt Recreation Center in Greenbelt Recreation Center,SI,nyc_parks_bigapps_events_snapshot,medium,1108696,40.591982601343,-74.139472484589,Greenbelt Recreation Center (in Blood Root Valley),SI,nyc_parks_bigapps_events_snapshot,high,2181814
summer sports experience basketball|2026-07-25,Summer Sports Experience: Basketball,2026-07-25,2.226,dedupe_drop_bad_geocode,drop_one_row,Same venue text but far-apart coordinates; keep the better geocode and drop the outlier row.,"40.591982601343,-74.139472484589","40.5960754,-74.1815538",40.5960754,-74.1815538,Greenbelt Recreation Center in Greenbelt Recreation Center,SI,nyc_parks_bigapps_events_snapshot,medium,1108736,40.591982601343,-74.139472484589,Greenbelt Recreation Center (in Blood Root Valley),SI,nyc_parks_bigapps_events_snapshot,high,2181393
summer sports experience basketball|2026-07-26,Summer Sports Experience: Basketball,2026-07-26,2.226,dedupe_drop_bad_geocode,drop_one_row,Same venue text but far-apart coordinates; keep the better geocode and drop the outlier row.,"40.591982601343,-74.139472484589","40.5960754,-74.1815538",40.5960754,-74.1815538,Greenbelt Recreation Center in Greenbelt Recreation Center,SI,nyc_parks_bigapps_events_snapshot,medium,1108456,40.591982601343,-74.139472484589,Greenbelt Recreation Center (in Blood Root Valley),SI,nyc_parks_bigapps_events_snapshot,high,2181212
summer sports experience pickleball|2026-07-16,Summer Sports Experience: Pickleball,2026-07-16,2.226,dedupe_drop_bad_geocode,drop_one_row,Same venue text but far-apart coordinates; keep the better geocode and drop the outlier row.,"40.591982601343,-74.139472484589","40.5960754,-74.1815538",40.5960754,-74.1815538,Greenbelt Recreation Center in Greenbelt Recreation Center,SI,nyc_parks_bigapps_events_snapshot,medium,1109296,40.591982601343,-74.139472484589,Greenbelt Recreation Center (in Blood Root Valley),SI,nyc_parks_bigapps_events_snapshot,high,2181579
summer sports experience pickleball|2026-07-17,Summer Sports Experience: Pickleball,2026-07-17,2.226,dedupe_drop_bad_geocode,drop_one_row,Same venue text but far-apart coordinates; keep the better geocode and drop the outlier row.,"40.591982601343,-74.139472484589","40.5960754,-74.1815538",40.5960754,-74.1815538,Greenbelt Recreation Center in Greenbelt Recreation Center,SI,nyc_parks_bigapps_events_snapshot,medium,1109316,40.591982601343,-74.139472484589,Greenbelt Recreation Center (in Blood Root Valley),SI,nyc_parks_bigapps_events_snapshot,high,2181469
summer sports experience pickleball|2026-07-20,Summer Sports Experience: Pickleball,2026-07-20,2.226,dedupe_drop_bad_geocode,drop_one_row,Same venue text but far-apart coordinates; keep the better geocode and drop the outlier row.,"40.591982601343,-74.139472484589","40.5960754,-74.1815538",40.5960754,-74.1815538,Greenbelt Recreation Center in Greenbelt Recreation Center,SI,nyc_parks_bigapps_events_snapshot,medium,1109336,40.591982601343,-74.139472484589,Greenbelt Recreation Center (in Blood Root Valley),SI,nyc_parks_bigapps_events_snapshot,high,2181589
summer sports experience pickleball|2026-07-21,Summer Sports Experience: Pickleball,2026-07-21,2.226,dedupe_drop_bad_geocode,drop_one_row,Same venue text but far-apart coordinates; keep the better geocode and drop the outlier row.,"40.591982601343,-74.139472484589","40.5960754,-74.1815538",40.5960754,-74.1815538,Greenbelt Recreation Center in Greenbelt Recreation Center,SI,nyc_parks_bigapps_events_snapshot,medium,1108956,40.591982601343,-74.139472484589,Greenbelt Recreation Center (in Blood Root Valley),SI,nyc_parks_bigapps_events_snapshot,high,2181668
summer sports experience pickleball|2026-07-22,Summer Sports Experience: Pickleball,2026-07-22,2.226,dedupe_drop_bad_geocode,drop_one_row,Same venue text but far-apart coordinates; keep the better geocode and drop the outlier row.,"40.591982601343,-74.139472484589","40.5960754,-74.1815538",40.5960754,-74.1815538,Greenbelt Recreation Center in Greenbelt Recreation Center,SI,nyc_parks_bigapps_events_snapshot,medium,1108976,40.591982601343,-74.139472484589,Greenbelt Recreation Center (in Blood Root Valley),SI,nyc_parks_bigapps_events_snapshot,high,2181433
summer sports experience pickleball|2026-07-23,Summer Sports Experience: Pickleball,2026-07-23,2.226,dedupe_drop_bad_geocode,drop_one_row,Same venue text but far-apart coordinates; keep the better geocode and drop the outlier row.,"40.591982601343,-74.139472484589","40.5960754,-74.1815538",40.5960754,-74.1815538,Greenbelt Recreation Center in Greenbelt Recreation Center,SI,nyc_parks_bigapps_events_snapshot,medium,1108996,40.591982601343,-74.139472484589,Greenbelt Recreation Center (in Blood Root Valley),SI,nyc_parks_bigapps_events_snapshot,high,2181610
summer sports experience pickleball|2026-07-24,Summer Sports Experience: Pickleball,2026-07-24,2.226,dedupe_drop_bad_geocode,drop_one_row,Same venue text but far-apart coordinates; keep the better geocode and drop the outlier row.,"40.591982601343,-74.139472484589","40.5960754,-74.1815538",40.5960754,-74.1815538,Greenbelt Recreation Center in Greenbelt Recreation Center,SI,nyc_parks_bigapps_events_snapshot,medium,1109016,40.591982601343,-74.139472484589,Greenbelt Recreation Center (in Blood Root Valley),SI,nyc_parks_bigapps_events_snapshot,high,2181552
summer sports experience pickleball|2026-07-27,Summer Sports Experience: Pickleball,2026-07-27,2.226,dedupe_drop_bad_geocode,drop_one_row,Same venue text but far-apart coordinates; keep the better geocode and drop the outlier row.,"40.591982601343,-74.139472484589","40.5960754,-74.1815538",40.5960754,-74.1815538,Greenbelt Recreation Center in Greenbelt Recreation Center,SI,nyc_parks_bigapps_events_snapshot,medium,1109036,40.591982601343,-74.139472484589,Greenbelt Recreation Center (in Blood Root Valley),SI,nyc_parks_bigapps_events_snapshot,high,2181778
summer sports experience st mary s park game of zones girls basketball clinic|2026-07-18,"Summer Sports Experience: St. Mary's Park ""Game of Zones Girls Basketball Clinic""",2026-07-18,10.385,dedupe_drop_bad_geocode,drop_one_row,Same venue text but far-apart coordinates; keep the better geocode and drop the outlier row.,"40.6757851,-73.9975397","40.8114701,-73.9122192",40.6757851,-73.9975397,Basketball Courts (in St. Mary's Park),Bk,nyc_parks_bigapps_events_snapshot,medium,2182812,40.8114701,-73.9122192,Basketball Courts in St. Mary's Park,Bx,nyc_parks_bigapps_events_snapshot,medium,1109516
summer sports experience st mary s park game of zones girls basketball clinic|2026-07-25,"Summer Sports Experience: St. Mary's Park ""Game of Zones Girls Basketball Clinic""",2026-07-25,10.385,dedupe_drop_bad_geocode,drop_one_row,Same venue text but far-apart coordinates; keep the better geocode and drop the outlier row.,"40.6757851,-73.9975397","40.8114701,-73.9122192",40.6757851,-73.9975397,Basketball Courts (in St. Mary's Park),Bk,nyc_parks_bigapps_events_snapshot,medium,2182841,40.8114701,-73.9122192,Basketball Courts in St. Mary's Park,Bx,nyc_parks_bigapps_events_snapshot,medium,1109536
total body fitness|2026-07-22,Total Body Fitness,2026-07-22,0.013,dedupe_keep_higher_confidence,drop_one_row,Coordinates are within about 80 meters; treat as one venue with geocode jitter.,"40.63800780311,-73.946847123915","40.63811,-73.94706",40.63811,-73.94706,Multipurpose Room in Shirley Chisholm Recreation Center,Bk,nyc_geosearch_planninglabs,medium,1110356,40.63800780311,-73.946847123915,Multipurpose Room (in Nostrand Playground),Bk,nyc_parks_bigapps_events_snapshot,high,2158183
trees count at st mary s park|2026-07-17,Trees Count at St. Mary's Park,2026-07-17,10.398,split_overlap_key_keep_both_pins,rekey_both_rows,Different venues share the same title|date overlap_key; assign distinct overlap_keys and keep both pins.,"40.812088684154,-73.913327217102","40.6757851,-73.9975397",40.6757851,-73.9975397,St. Mary's PArk (in St. Mary's Park),Bk,nyc_parks_bigapps_events_snapshot,medium,2201629,40.812088684154,-73.913327217102,149th Street and St. Ann's Avenue,Bx,nyc_parks_bigapps_events_snapshot,high,1047556
ugh it s a bug|2026-07-24,Ugh It's a Bug,2026-07-24,0.387,merge_dedupe_keep_better_geocode,drop_one_row,Same venue wording with nearby coordinates; keep the stronger geocode and drop the duplicate row.,"40.588401794434,-74.139099121094","40.5883967,-74.1317297",40.5883967,-74.1317297,Greenbelt Nature Center (in Blood Root Valley),SI,nyc_parks_bigapps_events_snapshot,medium,2190736,40.588401794434,-74.139099121094,Greenbelt Nature Center - 700 Rockland Avenue at Brielle Avenue,SI,nyc_parks_bigapps_events_snapshot,high,1116236
waterfront workouts amp d bootcamp|2026-07-22,Waterfront Workouts: Amp'd Bootcamp,2026-07-22,0.468,manual_review,human_decision_required,Venue text and distance are ambiguous; human should confirm merge vs split before promotion.,"40.6992,-73.9983","40.6930021,-74.001903",40.6992,-73.9983,Brooklyn Bridge Park,Bk,nyc_parks_facility_reference,high,1112476,40.6930021,-74.001903,"Pier 2 (in Brooklyn Bridge Park),Brooklyn Bridge Park",Bk,nyc_parks_facility_reference,medium,2170520
west harlem summer jazz festival|2026-07-24,West Harlem Summer Jazz Festival,2026-07-24,0.088,merge_dedupe_keep_better_geocode,drop_one_row,Same venue wording with nearby coordinates; keep the stronger geocode and drop the duplicate row.,"40.816,-73.9489","40.8172713,-73.9488193",40.816,-73.9489,James Baldwin Lawn in St. Nicholas Park,Mn,nyc_parks_facility_reference,medium,1112636,40.8172713,-73.9488193,"James Baldwin Lawn (in St. Nicholas Park),135th Street and St. Nicholas Avenue (in St. Nicholas Park)",Mn,nyc_parks_facility_reference,medium,2174476
wheel fun rentals celebrates america s 250th with patriotic led bike ride|2026-07-17,Wheel Fun Rentals Celebrates America's 250th with Patriotic LED Bike Ride,2026-07-17,0.963,merge_dedupe_keep_better_geocode,drop_one_row,Same venue wording with nearby coordinates; keep the stronger geocode and drop the duplicate row.,"40.73449,-73.84018","40.7483915,-73.8415597",40.73449,-73.84018,Meadow Lake North in Flushing Meadows Corona Park,Qn,nyc_geosearch_planninglabs,high,1112816,40.7483915,-73.8415597,"Meadow Lake North (in Flushing Meadows Corona Park),Sand Lane and Father Capadanno Boulevard (in Franklin D. Roosevelt Boardwalk and Beach),Marine Park,Bensonhurst Park,David Dinkins Circle (in Flushing Meadows Corona Park)",Qn,nyc_geosearch_planninglabs,medium,2195702
wheel fun rentals celebrates america s 250th with patriotic led bike ride|2026-07-18,Wheel Fun Rentals Celebrates America's 250th with Patriotic LED Bike Ride,2026-07-18,10.872,split_overlap_key_keep_both_pins,rekey_both_rows,Different venues share the same title|date overlap_key; assign distinct overlap_keys and keep both pins.,"40.6079,-73.935","40.7483915,-73.8415597",40.6079,-73.935,Marine Park,Bk,nyc_parks_facility_reference,high,1112976,40.7483915,-73.8415597,"Meadow Lake North (in Flushing Meadows Corona Park),Sand Lane and Father Capadanno Boulevard (in Franklin D. Roosevelt Boardwalk and Beach),Marine Park,Bensonhurst Park,David Dinkins Circle (in Flushing Meadows Corona Park)",Qn,nyc_geosearch_planninglabs,medium,2195703
wheel fun rentals celebrates america s 250th with patriotic led bike ride|2026-07-19,Wheel Fun Rentals Celebrates America's 250th with Patriotic LED Bike Ride,2026-07-19,16.901,split_overlap_key_keep_both_pins,rekey_both_rows,Different venues share the same title|date overlap_key; assign distinct overlap_keys and keep both pins.,"40.7483915,-73.8415597","40.5789033,-74.0740785",40.5789033,-74.0740785,Sand Lane and Father Capadanno Boulevard in Franklin D. Roosevelt Boardwalk and Beach,SI,nyc_geoclient_intersection,medium,1113056,40.7483915,-73.8415597,"Meadow Lake North (in Flushing Meadows Corona Park),Sand Lane and Father Capadanno Boulevard (in Franklin D. Roosevelt Boardwalk and Beach),Marine Park,Bensonhurst Park,David Dinkins Circle (in Flushing Meadows Corona Park)",Qn,nyc_geosearch_planninglabs,medium,2195704
wheel fun rentals celebrates america s 250th with patriotic led bike ride|2026-07-24,Wheel Fun Rentals Celebrates America's 250th with Patriotic LED Bike Ride,2026-07-24,0.963,merge_dedupe_keep_better_geocode,drop_one_row,Same venue wording with nearby coordinates; keep the stronger geocode and drop the duplicate row.,"40.73449,-73.84018","40.7483915,-73.8415597",40.73449,-73.84018,Meadow Lake North in Flushing Meadows Corona Park,Qn,nyc_geosearch_planninglabs,high,1113156,40.7483915,-73.8415597,"Meadow Lake North (in Flushing Meadows Corona Park),Sand Lane and Father Capadanno Boulevard (in Franklin D. Roosevelt Boardwalk and Beach),Marine Park,Bensonhurst Park,David Dinkins Circle (in Flushing Meadows Corona Park)",Qn,nyc_geosearch_planninglabs,medium,2195705
wheel fun rentals celebrates america s 250th with patriotic led bike ride|2026-07-25,Wheel Fun Rentals Celebrates America's 250th with Patriotic LED Bike Ride,2026-07-25,10.872,split_overlap_key_keep_both_pins,rekey_both_rows,Different venues share the same title|date overlap_key; assign distinct overlap_keys and keep both pins.,"40.6079,-73.935","40.7483915,-73.8415597",40.6079,-73.935,Marine Park,Bk,nyc_parks_facility_reference,high,1113296,40.7483915,-73.8415597,"Meadow Lake North (in Flushing Meadows Corona Park),Sand Lane and Father Capadanno Boulevard (in Franklin D. Roosevelt Boardwalk and Beach),Marine Park,Bensonhurst Park,David Dinkins Circle (in Flushing Meadows Corona Park)",Qn,nyc_geosearch_planninglabs,medium,2195706
wheel fun rentals celebrates america s 250th with patriotic led bike ride|2026-07-26,Wheel Fun Rentals Celebrates America's 250th with Patriotic LED Bike Ride,2026-07-26,0.963,merge_dedupe_keep_better_geocode,drop_one_row,Same venue wording with nearby coordinates; keep the stronger geocode and drop the duplicate row.,"40.73449,-73.84018","40.7483915,-73.8415597",40.73449,-73.84018,Meadow Lake North in Flushing Meadows Corona Park,Qn,nyc_geosearch_planninglabs,high,1113376,40.7483915,-73.8415597,"Meadow Lake North (in Flushing Meadows Corona Park),Sand Lane and Father Capadanno Boulevard (in Franklin D. Roosevelt Boardwalk and Beach),Marine Park,Bensonhurst Park,David Dinkins Circle (in Flushing Meadows Corona Park)",Qn,nyc_geosearch_planninglabs,medium,2195707
zumba|2026-07-21,Zumba,2026-07-21,2.226,dedupe_drop_bad_geocode,drop_one_row,Same venue text but far-apart coordinates; keep the better geocode and drop the outlier row.,"40.5919826,-74.13947248","40.5960754,-74.1815538",40.5960754,-74.1815538,Multi-Use Room in Greenbelt Recreation Center,SI,nyc_parks_bigapps_events_snapshot,medium,1115096,40.5919826,-74.13947248,Multi-Use Room (in Blood Root Valley),SI,nyc_parks_bigapps_events_snapshot,high,2165334
zumba|2026-07-22,Zumba,2026-07-22,0.396,merge_dedupe_keep_better_geocode,drop_one_row,Same venue wording with nearby coordinates; keep the stronger geocode and drop the duplicate row.,"40.8404297,-73.9340531","40.8420776,-73.9267904",40.8404297,-73.9340531,Gymnasium in Highbridge Recreation Center,Mn,nyc_parks_bigapps_events_snapshot,medium,1115116,40.8420776,-73.9267904,Gymnasium (in Highbridge Park),Bx,nyc_parks_bigapps_events_snapshot,medium,2151837
zumba|2026-07-25,Zumba,2026-07-25,17.484,split_overlap_key_keep_both_pins,rekey_both_rows,Different venues share the same title|date overlap_key; assign distinct overlap_keys and keep both pins.,"40.57849884033203,-74.07759857177734","40.751392,-73.834009",40.751392,-73.834009,Gymnasium (Court) in Al Oerter Recreation Center,Qn,nyc_geosearch_planninglabs,medium,1115256,40.57849884033203,-74.07759857177734,Midland Beach Splash Plaza (in Franklin D. Roosevelt Boardwalk and Beach),SI,nyc_parks_bigapps_events_snapshot,high,2169466
